Indice,Pergunta,Resposta_Esperada,Zero_Shot,One_Shot,Few_Shot
1,1 - O que tem contribuído para intensificação da degradação das localidades com maiores vulnerabilidades na região da agricultura semiárida da Bahia?,"R = De acordo com Barros (2014), as práticas agrícolas inadequadas juntamente com a superação da capacidade de suporte das regiões semiáridas.","A intensificação da degradação nas localidades com maiores vulnerabilidades na região da agricultura semiárida da Bahia pode ser atribuída a um conjunto de fatores. Entre eles, destacam-se:

1. Alterações climáticas: As mudanças climáticas têm contrib","Algumas das principais causas da degradação na região da agricultura semiárida da Bahia incluem:

1. Secas prolongadas e intercaladas com chuvas intensas
2. Uso excessivo de fertilizantes e agrotóxicos
3. Desmat","Algumas das principais causas da degradação nas localidades com maiores vulnerabilidades na agricultura semiárida da Bahia incluem:

1. Uso excessivo de agrotóxicos e fertilizantes, que podem levar à contaminação do solo e à de"
2,2 - Quais as práticas necessárias para que o desenvolvimento da agricultura no Semiárido seja realizado de forma sustentável?,"R = É necessário adotar técnicas corretas de manejo e conservação do solo e da água, aumentando assim a produção sem provocar a exaustão da terra.","Para o desenvolvimento sustentável da agricultura no Semiárido, são necessárias várias práticas e medidas. Aqui estão algumas das mais importantes:

1. Uso de tecnologias de irrigação eficiente: O Semiárido é uma região com escassez de água, então a irrig","Para que o desenvolvimento da agricultura no Semiárido seja realizado de forma sustentável, são necessárias várias práticas, incluindo:

1. Uso de tecnologias avançadas: Implementação de sistemas de irrigação modernos, como drenagem profunda e sistemas de","Para que o desenvolvimento da agricultura no Semiárido seja realizado de forma sustentável, são necessárias várias práticas e estratégias. Algumas das mais importantes incluem:

1. Uso de tecnologias avançadas: Implementar tecnologias como irrigação direta, drones"
3,3 - O que é agroecologia?,"R = São técnicas de manejo e conservação do solo e da água, aumentando assim a produção sem provocar a exaustão da terra. Ela procura aliar o saber e a experiência dos agricultores por meio de uma relação mais próxima entre os conceitos e os métodos da agroecologia e as práticas de desenvolvimento sustentável. Permitindo, desta forma, a preservação das raízes culturais, da manutenção dos recursos naturais do bioma caatinga e da agregação de valor ao trabalho do agricultor familiar.","Agroecologia é um campo de estudo e prática que integra a agricultura tradicional com os princípios da ecologia. Ela busca desenvolver sistemas agrícolas que são sustentáveis, equilibrados e que não comprometem a qualidade do solo, água e ar.","Agroecologia é uma abordagem que integra a agricultura tradicional com princípios da ecologia para promover a produtividade, a diversidade biológica, a conservação do meio ambiente e a sustentabilidade. Ela busca equilibrar a produção agrícola com","Agroecologia é um sistema de produção agrícola que integra princípios e práticas da ecologia e da agronomia para promover a sustentabilidade e a produtividade. Ela busca equilibrar a produção de alimentos e a conservação do meio ambiente, utilizando mét"
4,4 - Qual o principal fator de degradação do Semiárido? E o que ele provoca?,"R = O manejo agrícola inadequado é considerado o principal fator de degradação do Semiárido, favorecendo o crescimento de áreas propensas a desertificação.","O principal fator de degradação do Semiárido brasileiro é a seca prolongada e intensa, que ocorre regularmente em várias regiões desse bioma. Essa seca tem como principais consequências:

1. Deterioração da qualidade do solo: A se","O principal fator de degradação do Semiárido é a seca prolongada. A seca provoca a perda de vegetação, redução da umidade do solo, ecológica e a desertificação. Além disso, a seca também causa a morte de animais","O principal fator de degradação do Semiárido é a falta de água. Essa escassez provoca uma série de problemas, como a redução da produtividade agrícola, a erosão do solo, a desertificação e a diminuição da qualidade da água disponível. Além"
5,5 - Quando a agricultura irrigada é sustentável?,"R = A agricultura irrigada somente é sustentável em condições de baixa precipitação pluvial quando associada à drenagem, mesmo utilizando águas de boa qualidade. Quando não se dispõe de solos bem drenados naturalmente, deve-se implantar sistemas de drenagem subterrânea para favorecer a lixiviação dos sais, acumulados nas camadas superficiais do solo pela evapotranspiração, mas isso nem sempre é efetuado devido ao elevado custo financeiro.","A agricultura irrigada é considerada sustentável quando atende aos seguintes critérios:

1. Eficiência Hídrica: Utiliza água de forma eficiente, minimizando desperdício e evaporação.

2. Uso de Águas Limpas: Se a água utiliz","A agricultura irrigada é considerada sustentável quando:

1. É eficiente na utilização da água, minimizando desperdícios e evaporação.
2. Utiliza métodos de irrigação adequados, como drenagem, gotejamento ou rega por gotej","A agricultura irrigada é considerada sustentável quando:

1. É eficiente no uso da água: A irrigação é realizada de forma a minimizar o desperdício de água, aproveitando todo o potencial de umidade do solo.

2. Preserva a qualidade do solo: A"
